;title;url
0;ROLEX DAYTONA 116505, РОЗОВОЕ ЗОЛОТО, БРАСЛЕТ, ЧЕРНЫЙ ЦИФЕРБЛАТ, НОВЫЕ, В ПЛЕНКАХ!!!;http://forum.watch.ru//showthread.php?t=572211
1;Rolex Daytona 116500LN Black dial NEW 2021;http://forum.watch.ru//showthread.php?t=580360
2;ТОП !!! Audemars Piguet Royal Oak Offshore Chronograph Rose Gold 44mm 26401RO.OO.A002CA.02 обмен/продажа;http://forum.watch.ru//showthread.php?t=581416
3;Vacheron Constantin Malte Manual Chronograph Mens Watch;http://forum.watch.ru//showthread.php?t=581388
4;Сыромятников Александр;http://forum.watch.ru//member.php?t=571464
5;Сыромятников Александр;http://forum.watch.ru//member.php?t=571567
6;pachan;http://forum.watch.ru//member.php?t=572231
7;Сыромятников Александр;http://forum.watch.ru//member.php?t=573932
8;Сыромятников Александр;http://forum.watch.ru//member.php?t=575460
9;Сыромятников Александр;http://forum.watch.ru//member.php?t=575563
10;Сыромятников Александр;http://forum.watch.ru//member.php?t=575624
11;Сыромятников Александр;http://forum.watch.ru//member.php?t=575628
12;pachan;http://forum.watch.ru//member.php?t=572232
13;Сыромятников Александр;http://forum.watch.ru//member.php?t=576937
14;Сыромятников Александр;http://forum.watch.ru//member.php?t=577301
15;Сыромятников Александр;http://forum.watch.ru//member.php?t=577367
16;Сыромятников Александр;http://forum.watch.ru//member.php?t=577848
17;"САМЫЙ РЕДКИЙ ROLEX С ДАТОй! GMT-MASTER II 126710BLRO ""PEPSI""";http://forum.watch.ru//showthread.php?t=581322
18;Audemars Piguet Royal Oak Offshore Chronograph 43 mm 26420IO.OO.A009CA.01;http://forum.watch.ru//showthread.php?t=579197
19;Audemars Piguet Royal Oak Offshore Chronograph 43 mm 26420TI.OO.A027CA.01;http://forum.watch.ru//showthread.php?t=579193
20;Richard Mille RM 007 AG PG;http://forum.watch.ru//showthread.php?t=578486
21;TOURBILLON Stan;http://forum.watch.ru//member.php?t=574818
22;TOURBILLON Stan;http://forum.watch.ru//member.php?t=575351
23;Hublot King Power Gold;http://forum.watch.ru//showthread.php?t=572816
24;НОВИНКА 2021 год !!! Audemars Piguet Royal Oak Offshore 43mm 26420SO.OO.A002CA.01 обмен/продажа;http://forum.watch.ru//showthread.php?t=581113
25;ZEBRA *ROLEX* DATEJUST 36 WHITE GOLD 116199 SANR;http://forum.watch.ru//showthread.php?t=579262
26;TOURBILLON Stan;http://forum.watch.ru//member.php?t=575621
27;TOURBILLON Stan;http://forum.watch.ru//member.php?t=577885
28;Сыромятников Александр;http://forum.watch.ru//member.php?t=581022
29;Vacheron Constantin Malte Perpetual Calendar Chronograph;http://forum.watch.ru//showthread.php?t=577561
30;УНИКАЛЬНЫЕ *OMEGA* SPEEDMASTER ANNIVERSARY SERIES CO‑AXIAL MASTER CHRONOMETER CHRONOGRAPH 42 MM “SILVER SNOOPY AWARD” 50TH ANNIVERSARY 310.32.42.50.02.001;http://forum.watch.ru//showthread.php?t=579215
31;Van Cleef Lady Arpels A Day in Paris;http://forum.watch.ru//showthread.php?t=580867
32;Vacheron Constantin Overseas Dual Time Automatic Steel Blue;http://forum.watch.ru//showthread.php?t=580822
33;Audemars Piguet - Royal Oak - 15500ST.OO.1220ST.03 - 41 мм;http://forum.watch.ru//showthread.php?t=580712
34;ИНВЕСТИЦИЯ !!! Rolex Cosmograph Daytona 40mm Steel 116520 Black обмен/продажа;http://forum.watch.ru//showthread.php?t=571666
35;watchman13;http://forum.watch.ru//member.php?t=573564
36;Audemars Piguet Offshore Pride of Russia 26061BC.OO.D001CR.01 42 мм;http://forum.watch.ru//showthread.php?t=580467
37;БУТИК!!! OMEGA Speedmaster MOONWATCH PROFESSIONAL CO‑AXIAL MASTER CHRONOMETER CHRONOGRAPH 42 MM 310.63.42.50.02.001 золото Canopus Gold™ / Кожаный ремешок;http://forum.watch.ru//showthread.php?t=580429
38;БУТИК!!! OMEGA Speedmaster MOONWATCH PROFESSIONAL CO‑AXIAL MASTER CHRONOMETER CHRONOGRAPH 42 MM 310.63.42.50.01.001 Золото Sedna™ / Кожаный ремешок;http://forum.watch.ru//showthread.php?t=580427
39;ТОП !!! Audemars Piguet Royal Oak Offshore Chronograph 42mm 25940SK.OO.D002CA.03 обмен/продажа;http://forum.watch.ru//showthread.php?t=576954
40;Rolex Daytona Cosmograph Gold Steel White Dial New 2021;http://forum.watch.ru//showthread.php?t=580332
41;НОВЫЙ  ROLEX  DAY-DATE  40mm YELLOW GOLD 228238;http://forum.watch.ru//showthread.php?t=580331
42;ROLEX DAYTONA 116505, РОЗОВОЕ ЗОЛОТО, БРАСЛЕТ, ЧЕРНЫЙ ЦИФЕРБЛАТ, НОВЫЕ, В ПЛЕНКАХ!!!;http://forum.watch.ru//showthread.php?t=572211
43;Rolex Daytona 116500LN Black dial NEW 2021;http://forum.watch.ru//showthread.php?t=580360
44;ТОП !!! Audemars Piguet Royal Oak Offshore Chronograph Rose Gold 44mm 26401RO.OO.A002CA.02 обмен/продажа;http://forum.watch.ru//showthread.php?t=581416
45;Vacheron Constantin Malte Manual Chronograph Mens Watch;http://forum.watch.ru//showthread.php?t=581388
46;Сыромятников Александр;http://forum.watch.ru//member.php?t=571464
47;Сыромятников Александр;http://forum.watch.ru//member.php?t=571567
48;pachan;http://forum.watch.ru//member.php?t=572231
49;Сыромятников Александр;http://forum.watch.ru//member.php?t=573932
50;Сыромятников Александр;http://forum.watch.ru//member.php?t=575460
51;Сыромятников Александр;http://forum.watch.ru//member.php?t=575563
52;Сыромятников Александр;http://forum.watch.ru//member.php?t=575624
53;Сыромятников Александр;http://forum.watch.ru//member.php?t=575628
54;pachan;http://forum.watch.ru//member.php?t=572232
55;Сыромятников Александр;http://forum.watch.ru//member.php?t=576937
56;Сыромятников Александр;http://forum.watch.ru//member.php?t=577301
57;Сыромятников Александр;http://forum.watch.ru//member.php?t=577367
58;Сыромятников Александр;http://forum.watch.ru//member.php?t=577848
59;"САМЫЙ РЕДКИЙ ROLEX С ДАТОй! GMT-MASTER II 126710BLRO ""PEPSI""";http://forum.watch.ru//showthread.php?t=581322
60;Audemars Piguet Royal Oak Offshore Chronograph 43 mm 26420IO.OO.A009CA.01;http://forum.watch.ru//showthread.php?t=579197
61;Audemars Piguet Royal Oak Offshore Chronograph 43 mm 26420TI.OO.A027CA.01;http://forum.watch.ru//showthread.php?t=579193
62;Richard Mille RM 007 AG PG;http://forum.watch.ru//showthread.php?t=578486
63;TOURBILLON Stan;http://forum.watch.ru//member.php?t=574818
64;TOURBILLON Stan;http://forum.watch.ru//member.php?t=575351
65;Hublot King Power Gold;http://forum.watch.ru//showthread.php?t=572816
66;НОВИНКА 2021 год !!! Audemars Piguet Royal Oak Offshore 43mm 26420SO.OO.A002CA.01 обмен/продажа;http://forum.watch.ru//showthread.php?t=581113
67;ZEBRA *ROLEX* DATEJUST 36 WHITE GOLD 116199 SANR;http://forum.watch.ru//showthread.php?t=579262
68;TOURBILLON Stan;http://forum.watch.ru//member.php?t=575621
69;TOURBILLON Stan;http://forum.watch.ru//member.php?t=577885
70;Сыромятников Александр;http://forum.watch.ru//member.php?t=581022
71;Vacheron Constantin Malte Perpetual Calendar Chronograph;http://forum.watch.ru//showthread.php?t=577561
72;УНИКАЛЬНЫЕ *OMEGA* SPEEDMASTER ANNIVERSARY SERIES CO‑AXIAL MASTER CHRONOMETER CHRONOGRAPH 42 MM “SILVER SNOOPY AWARD” 50TH ANNIVERSARY 310.32.42.50.02.001;http://forum.watch.ru//showthread.php?t=579215
73;Van Cleef Lady Arpels A Day in Paris;http://forum.watch.ru//showthread.php?t=580867
74;Vacheron Constantin Overseas Dual Time Automatic Steel Blue;http://forum.watch.ru//showthread.php?t=580822
75;Audemars Piguet - Royal Oak - 15500ST.OO.1220ST.03 - 41 мм;http://forum.watch.ru//showthread.php?t=580712
76;ИНВЕСТИЦИЯ !!! Rolex Cosmograph Daytona 40mm Steel 116520 Black обмен/продажа;http://forum.watch.ru//showthread.php?t=571666
77;watchman13;http://forum.watch.ru//member.php?t=573564
78;Audemars Piguet Offshore Pride of Russia 26061BC.OO.D001CR.01 42 мм;http://forum.watch.ru//showthread.php?t=580467
79;БУТИК!!! OMEGA Speedmaster MOONWATCH PROFESSIONAL CO‑AXIAL MASTER CHRONOMETER CHRONOGRAPH 42 MM 310.63.42.50.02.001 золото Canopus Gold™ / Кожаный ремешок;http://forum.watch.ru//showthread.php?t=580429
80;БУТИК!!! OMEGA Speedmaster MOONWATCH PROFESSIONAL CO‑AXIAL MASTER CHRONOMETER CHRONOGRAPH 42 MM 310.63.42.50.01.001 Золото Sedna™ / Кожаный ремешок;http://forum.watch.ru//showthread.php?t=580427
81;ТОП !!! Audemars Piguet Royal Oak Offshore Chronograph 42mm 25940SK.OO.D002CA.03 обмен/продажа;http://forum.watch.ru//showthread.php?t=576954
82;Rolex Daytona Cosmograph Gold Steel White Dial New 2021;http://forum.watch.ru//showthread.php?t=580332
83;НОВЫЙ  ROLEX  DAY-DATE  40mm YELLOW GOLD 228238;http://forum.watch.ru//showthread.php?t=580331
84;ROLEX DAYTONA 116505, РОЗОВОЕ ЗОЛОТО, БРАСЛЕТ, ЧЕРНЫЙ ЦИФЕРБЛАТ, НОВЫЕ, В ПЛЕНКАХ!!!;http://forum.watch.ru//showthread.php?t=572211
85;Rolex Daytona 116500LN Black dial NEW 2021;http://forum.watch.ru//showthread.php?t=580360
86;ТОП !!! Audemars Piguet Royal Oak Offshore Chronograph Rose Gold 44mm 26401RO.OO.A002CA.02 обмен/продажа;http://forum.watch.ru//showthread.php?t=581416
87;Vacheron Constantin Malte Manual Chronograph Mens Watch;http://forum.watch.ru//showthread.php?t=581388
88;Сыромятников Александр;http://forum.watch.ru//member.php?t=571464
89;Сыромятников Александр;http://forum.watch.ru//member.php?t=571567
90;pachan;http://forum.watch.ru//member.php?t=572231
91;Сыромятников Александр;http://forum.watch.ru//member.php?t=573932
92;Сыромятников Александр;http://forum.watch.ru//member.php?t=575460
93;Сыромятников Александр;http://forum.watch.ru//member.php?t=575563
94;Сыромятников Александр;http://forum.watch.ru//member.php?t=575624
95;Сыромятников Александр;http://forum.watch.ru//member.php?t=575628
96;pachan;http://forum.watch.ru//member.php?t=572232
97;Сыромятников Александр;http://forum.watch.ru//member.php?t=576937
98;Сыромятников Александр;http://forum.watch.ru//member.php?t=577301
99;Сыромятников Александр;http://forum.watch.ru//member.php?t=577367
100;Сыромятников Александр;http://forum.watch.ru//member.php?t=577848
101;"САМЫЙ РЕДКИЙ ROLEX С ДАТОй! GMT-MASTER II 126710BLRO ""PEPSI""";http://forum.watch.ru//showthread.php?t=581322
102;Audemars Piguet Royal Oak Offshore Chronograph 43 mm 26420IO.OO.A009CA.01;http://forum.watch.ru//showthread.php?t=579197
103;Audemars Piguet Royal Oak Offshore Chronograph 43 mm 26420TI.OO.A027CA.01;http://forum.watch.ru//showthread.php?t=579193
104;Richard Mille RM 007 AG PG;http://forum.watch.ru//showthread.php?t=578486
105;TOURBILLON Stan;http://forum.watch.ru//member.php?t=574818
106;TOURBILLON Stan;http://forum.watch.ru//member.php?t=575351
107;Hublot King Power Gold;http://forum.watch.ru//showthread.php?t=572816
108;НОВИНКА 2021 год !!! Audemars Piguet Royal Oak Offshore 43mm 26420SO.OO.A002CA.01 обмен/продажа;http://forum.watch.ru//showthread.php?t=581113
109;ZEBRA *ROLEX* DATEJUST 36 WHITE GOLD 116199 SANR;http://forum.watch.ru//showthread.php?t=579262
110;TOURBILLON Stan;http://forum.watch.ru//member.php?t=575621
111;TOURBILLON Stan;http://forum.watch.ru//member.php?t=577885
112;Сыромятников Александр;http://forum.watch.ru//member.php?t=581022
113;Vacheron Constantin Malte Perpetual Calendar Chronograph;http://forum.watch.ru//showthread.php?t=577561
114;УНИКАЛЬНЫЕ *OMEGA* SPEEDMASTER ANNIVERSARY SERIES CO‑AXIAL MASTER CHRONOMETER CHRONOGRAPH 42 MM “SILVER SNOOPY AWARD” 50TH ANNIVERSARY 310.32.42.50.02.001;http://forum.watch.ru//showthread.php?t=579215
115;Van Cleef Lady Arpels A Day in Paris;http://forum.watch.ru//showthread.php?t=580867
116;Vacheron Constantin Overseas Dual Time Automatic Steel Blue;http://forum.watch.ru//showthread.php?t=580822
117;Audemars Piguet - Royal Oak - 15500ST.OO.1220ST.03 - 41 мм;http://forum.watch.ru//showthread.php?t=580712
118;ИНВЕСТИЦИЯ !!! Rolex Cosmograph Daytona 40mm Steel 116520 Black обмен/продажа;http://forum.watch.ru//showthread.php?t=571666
119;watchman13;http://forum.watch.ru//member.php?t=573564
120;Audemars Piguet Offshore Pride of Russia 26061BC.OO.D001CR.01 42 мм;http://forum.watch.ru//showthread.php?t=580467
121;БУТИК!!! OMEGA Speedmaster MOONWATCH PROFESSIONAL CO‑AXIAL MASTER CHRONOMETER CHRONOGRAPH 42 MM 310.63.42.50.02.001 золото Canopus Gold™ / Кожаный ремешок;http://forum.watch.ru//showthread.php?t=580429
122;БУТИК!!! OMEGA Speedmaster MOONWATCH PROFESSIONAL CO‑AXIAL MASTER CHRONOMETER CHRONOGRAPH 42 MM 310.63.42.50.01.001 Золото Sedna™ / Кожаный ремешок;http://forum.watch.ru//showthread.php?t=580427
123;ТОП !!! Audemars Piguet Royal Oak Offshore Chronograph 42mm 25940SK.OO.D002CA.03 обмен/продажа;http://forum.watch.ru//showthread.php?t=576954
124;Rolex Daytona Cosmograph Gold Steel White Dial New 2021;http://forum.watch.ru//showthread.php?t=580332
125;НОВЫЙ  ROLEX  DAY-DATE  40mm YELLOW GOLD 228238;http://forum.watch.ru//showthread.php?t=580331
126;ROLEX DAYTONA 116505, РОЗОВОЕ ЗОЛОТО, БРАСЛЕТ, ЧЕРНЫЙ ЦИФЕРБЛАТ, НОВЫЕ, В ПЛЕНКАХ!!!;http://forum.watch.ru//showthread.php?t=572211
127;Rolex Daytona 116500LN Black dial NEW 2021;http://forum.watch.ru//showthread.php?t=580360
128;ТОП !!! Audemars Piguet Royal Oak Offshore Chronograph Rose Gold 44mm 26401RO.OO.A002CA.02 обмен/продажа;http://forum.watch.ru//showthread.php?t=581416
129;Vacheron Constantin Malte Manual Chronograph Mens Watch;http://forum.watch.ru//showthread.php?t=581388
130;Сыромятников Александр;http://forum.watch.ru//member.php?t=571464
131;Сыромятников Александр;http://forum.watch.ru//member.php?t=571567
132;pachan;http://forum.watch.ru//member.php?t=572231
133;Сыромятников Александр;http://forum.watch.ru//member.php?t=573932
134;Сыромятников Александр;http://forum.watch.ru//member.php?t=575460
135;Сыромятников Александр;http://forum.watch.ru//member.php?t=575563
136;Сыромятников Александр;http://forum.watch.ru//member.php?t=575624
137;Сыромятников Александр;http://forum.watch.ru//member.php?t=575628
138;pachan;http://forum.watch.ru//member.php?t=572232
139;Сыромятников Александр;http://forum.watch.ru//member.php?t=576937
140;Сыромятников Александр;http://forum.watch.ru//member.php?t=577301
141;Сыромятников Александр;http://forum.watch.ru//member.php?t=577367
142;Сыромятников Александр;http://forum.watch.ru//member.php?t=577848
143;"САМЫЙ РЕДКИЙ ROLEX С ДАТОй! GMT-MASTER II 126710BLRO ""PEPSI""";http://forum.watch.ru//showthread.php?t=581322
144;Audemars Piguet Royal Oak Offshore Chronograph 43 mm 26420IO.OO.A009CA.01;http://forum.watch.ru//showthread.php?t=579197
145;Audemars Piguet Royal Oak Offshore Chronograph 43 mm 26420TI.OO.A027CA.01;http://forum.watch.ru//showthread.php?t=579193
146;Richard Mille RM 007 AG PG;http://forum.watch.ru//showthread.php?t=578486
147;TOURBILLON Stan;http://forum.watch.ru//member.php?t=574818
148;TOURBILLON Stan;http://forum.watch.ru//member.php?t=575351
149;Hublot King Power Gold;http://forum.watch.ru//showthread.php?t=572816
150;НОВИНКА 2021 год !!! Audemars Piguet Royal Oak Offshore 43mm 26420SO.OO.A002CA.01 обмен/продажа;http://forum.watch.ru//showthread.php?t=581113
151;ZEBRA *ROLEX* DATEJUST 36 WHITE GOLD 116199 SANR;http://forum.watch.ru//showthread.php?t=579262
152;TOURBILLON Stan;http://forum.watch.ru//member.php?t=575621
153;TOURBILLON Stan;http://forum.watch.ru//member.php?t=577885
154;Сыромятников Александр;http://forum.watch.ru//member.php?t=581022
155;Vacheron Constantin Malte Perpetual Calendar Chronograph;http://forum.watch.ru//showthread.php?t=577561
156;УНИКАЛЬНЫЕ *OMEGA* SPEEDMASTER ANNIVERSARY SERIES CO‑AXIAL MASTER CHRONOMETER CHRONOGRAPH 42 MM “SILVER SNOOPY AWARD” 50TH ANNIVERSARY 310.32.42.50.02.001;http://forum.watch.ru//showthread.php?t=579215
157;Van Cleef Lady Arpels A Day in Paris;http://forum.watch.ru//showthread.php?t=580867
158;Vacheron Constantin Overseas Dual Time Automatic Steel Blue;http://forum.watch.ru//showthread.php?t=580822
159;Audemars Piguet - Royal Oak - 15500ST.OO.1220ST.03 - 41 мм;http://forum.watch.ru//showthread.php?t=580712
160;ИНВЕСТИЦИЯ !!! Rolex Cosmograph Daytona 40mm Steel 116520 Black обмен/продажа;http://forum.watch.ru//showthread.php?t=571666
161;watchman13;http://forum.watch.ru//member.php?t=573564
162;Audemars Piguet Offshore Pride of Russia 26061BC.OO.D001CR.01 42 мм;http://forum.watch.ru//showthread.php?t=580467
163;БУТИК!!! OMEGA Speedmaster MOONWATCH PROFESSIONAL CO‑AXIAL MASTER CHRONOMETER CHRONOGRAPH 42 MM 310.63.42.50.02.001 золото Canopus Gold™ / Кожаный ремешок;http://forum.watch.ru//showthread.php?t=580429
164;БУТИК!!! OMEGA Speedmaster MOONWATCH PROFESSIONAL CO‑AXIAL MASTER CHRONOMETER CHRONOGRAPH 42 MM 310.63.42.50.01.001 Золото Sedna™ / Кожаный ремешок;http://forum.watch.ru//showthread.php?t=580427
165;ТОП !!! Audemars Piguet Royal Oak Offshore Chronograph 42mm 25940SK.OO.D002CA.03 обмен/продажа;http://forum.watch.ru//showthread.php?t=576954
166;Rolex Daytona Cosmograph Gold Steel White Dial New 2021;http://forum.watch.ru//showthread.php?t=580332
167;НОВЫЙ  ROLEX  DAY-DATE  40mm YELLOW GOLD 228238;http://forum.watch.ru//showthread.php?t=580331
168;ROLEX DAYTONA 116505, РОЗОВОЕ ЗОЛОТО, БРАСЛЕТ, ЧЕРНЫЙ ЦИФЕРБЛАТ, НОВЫЕ, В ПЛЕНКАХ!!!;http://forum.watch.ru//showthread.php?t=572211
169;Rolex Daytona 116500LN Black dial NEW 2021;http://forum.watch.ru//showthread.php?t=580360
170;ТОП !!! Audemars Piguet Royal Oak Offshore Chronograph Rose Gold 44mm 26401RO.OO.A002CA.02 обмен/продажа;http://forum.watch.ru//showthread.php?t=581416
171;Vacheron Constantin Malte Manual Chronograph Mens Watch;http://forum.watch.ru//showthread.php?t=581388
172;Сыромятников Александр;http://forum.watch.ru//member.php?t=571464
173;Сыромятников Александр;http://forum.watch.ru//member.php?t=571567
174;pachan;http://forum.watch.ru//member.php?t=572231
175;Сыромятников Александр;http://forum.watch.ru//member.php?t=573932
176;Сыромятников Александр;http://forum.watch.ru//member.php?t=575460
177;Сыромятников Александр;http://forum.watch.ru//member.php?t=575563
178;Сыромятников Александр;http://forum.watch.ru//member.php?t=575624
179;Сыромятников Александр;http://forum.watch.ru//member.php?t=575628
180;pachan;http://forum.watch.ru//member.php?t=572232
181;Сыромятников Александр;http://forum.watch.ru//member.php?t=576937
182;Сыромятников Александр;http://forum.watch.ru//member.php?t=577301
183;Сыромятников Александр;http://forum.watch.ru//member.php?t=577367
184;Сыромятников Александр;http://forum.watch.ru//member.php?t=577848
185;"САМЫЙ РЕДКИЙ ROLEX С ДАТОй! GMT-MASTER II 126710BLRO ""PEPSI""";http://forum.watch.ru//showthread.php?t=581322
186;Audemars Piguet Royal Oak Offshore Chronograph 43 mm 26420IO.OO.A009CA.01;http://forum.watch.ru//showthread.php?t=579197
187;Audemars Piguet Royal Oak Offshore Chronograph 43 mm 26420TI.OO.A027CA.01;http://forum.watch.ru//showthread.php?t=579193
188;Richard Mille RM 007 AG PG;http://forum.watch.ru//showthread.php?t=578486
189;TOURBILLON Stan;http://forum.watch.ru//member.php?t=574818
190;TOURBILLON Stan;http://forum.watch.ru//member.php?t=575351
191;Hublot King Power Gold;http://forum.watch.ru//showthread.php?t=572816
192;НОВИНКА 2021 год !!! Audemars Piguet Royal Oak Offshore 43mm 26420SO.OO.A002CA.01 обмен/продажа;http://forum.watch.ru//showthread.php?t=581113
193;ZEBRA *ROLEX* DATEJUST 36 WHITE GOLD 116199 SANR;http://forum.watch.ru//showthread.php?t=579262
194;TOURBILLON Stan;http://forum.watch.ru//member.php?t=575621
195;TOURBILLON Stan;http://forum.watch.ru//member.php?t=577885
196;Сыромятников Александр;http://forum.watch.ru//member.php?t=581022
197;Vacheron Constantin Malte Perpetual Calendar Chronograph;http://forum.watch.ru//showthread.php?t=577561
198;УНИКАЛЬНЫЕ *OMEGA* SPEEDMASTER ANNIVERSARY SERIES CO‑AXIAL MASTER CHRONOMETER CHRONOGRAPH 42 MM “SILVER SNOOPY AWARD” 50TH ANNIVERSARY 310.32.42.50.02.001;http://forum.watch.ru//showthread.php?t=579215
199;Van Cleef Lady Arpels A Day in Paris;http://forum.watch.ru//showthread.php?t=580867
200;Vacheron Constantin Overseas Dual Time Automatic Steel Blue;http://forum.watch.ru//showthread.php?t=580822
201;Audemars Piguet - Royal Oak - 15500ST.OO.1220ST.03 - 41 мм;http://forum.watch.ru//showthread.php?t=580712
202;ИНВЕСТИЦИЯ !!! Rolex Cosmograph Daytona 40mm Steel 116520 Black обмен/продажа;http://forum.watch.ru//showthread.php?t=571666
203;watchman13;http://forum.watch.ru//member.php?t=573564
204;Audemars Piguet Offshore Pride of Russia 26061BC.OO.D001CR.01 42 мм;http://forum.watch.ru//showthread.php?t=580467
205;БУТИК!!! OMEGA Speedmaster MOONWATCH PROFESSIONAL CO‑AXIAL MASTER CHRONOMETER CHRONOGRAPH 42 MM 310.63.42.50.02.001 золото Canopus Gold™ / Кожаный ремешок;http://forum.watch.ru//showthread.php?t=580429
206;БУТИК!!! OMEGA Speedmaster MOONWATCH PROFESSIONAL CO‑AXIAL MASTER CHRONOMETER CHRONOGRAPH 42 MM 310.63.42.50.01.001 Золото Sedna™ / Кожаный ремешок;http://forum.watch.ru//showthread.php?t=580427
207;ТОП !!! Audemars Piguet Royal Oak Offshore Chronograph 42mm 25940SK.OO.D002CA.03 обмен/продажа;http://forum.watch.ru//showthread.php?t=576954
208;Rolex Daytona Cosmograph Gold Steel White Dial New 2021;http://forum.watch.ru//showthread.php?t=580332
209;НОВЫЙ  ROLEX  DAY-DATE  40mm YELLOW GOLD 228238;http://forum.watch.ru//showthread.php?t=580331
210;ROLEX DAYTONA 116505, РОЗОВОЕ ЗОЛОТО, БРАСЛЕТ, ЧЕРНЫЙ ЦИФЕРБЛАТ, НОВЫЕ, В ПЛЕНКАХ!!!;http://forum.watch.ru//showthread.php?t=572211
211;Rolex Daytona 116500LN Black dial NEW 2021;http://forum.watch.ru//showthread.php?t=580360
212;ТОП !!! Audemars Piguet Royal Oak Offshore Chronograph Rose Gold 44mm 26401RO.OO.A002CA.02 обмен/продажа;http://forum.watch.ru//showthread.php?t=581416
213;Vacheron Constantin Malte Manual Chronograph Mens Watch;http://forum.watch.ru//showthread.php?t=581388
214;Сыромятников Александр;http://forum.watch.ru//member.php?t=571464
215;Сыромятников Александр;http://forum.watch.ru//member.php?t=571567
216;pachan;http://forum.watch.ru//member.php?t=572231
217;Сыромятников Александр;http://forum.watch.ru//member.php?t=573932
218;Сыромятников Александр;http://forum.watch.ru//member.php?t=575460
219;Сыромятников Александр;http://forum.watch.ru//member.php?t=575563
220;Сыромятников Александр;http://forum.watch.ru//member.php?t=575624
221;Сыромятников Александр;http://forum.watch.ru//member.php?t=575628
222;pachan;http://forum.watch.ru//member.php?t=572232
223;Сыромятников Александр;http://forum.watch.ru//member.php?t=576937
224;Сыромятников Александр;http://forum.watch.ru//member.php?t=577301
225;Сыромятников Александр;http://forum.watch.ru//member.php?t=577367
226;Сыромятников Александр;http://forum.watch.ru//member.php?t=577848
227;"САМЫЙ РЕДКИЙ ROLEX С ДАТОй! GMT-MASTER II 126710BLRO ""PEPSI""";http://forum.watch.ru//showthread.php?t=581322
228;Audemars Piguet Royal Oak Offshore Chronograph 43 mm 26420IO.OO.A009CA.01;http://forum.watch.ru//showthread.php?t=579197
229;Audemars Piguet Royal Oak Offshore Chronograph 43 mm 26420TI.OO.A027CA.01;http://forum.watch.ru//showthread.php?t=579193
230;Richard Mille RM 007 AG PG;http://forum.watch.ru//showthread.php?t=578486
231;TOURBILLON Stan;http://forum.watch.ru//member.php?t=574818
232;TOURBILLON Stan;http://forum.watch.ru//member.php?t=575351
233;Hublot King Power Gold;http://forum.watch.ru//showthread.php?t=572816
234;НОВИНКА 2021 год !!! Audemars Piguet Royal Oak Offshore 43mm 26420SO.OO.A002CA.01 обмен/продажа;http://forum.watch.ru//showthread.php?t=581113
235;ZEBRA *ROLEX* DATEJUST 36 WHITE GOLD 116199 SANR;http://forum.watch.ru//showthread.php?t=579262
236;TOURBILLON Stan;http://forum.watch.ru//member.php?t=575621
237;TOURBILLON Stan;http://forum.watch.ru//member.php?t=577885
238;Сыромятников Александр;http://forum.watch.ru//member.php?t=581022
239;Vacheron Constantin Malte Perpetual Calendar Chronograph;http://forum.watch.ru//showthread.php?t=577561
240;УНИКАЛЬНЫЕ *OMEGA* SPEEDMASTER ANNIVERSARY SERIES CO‑AXIAL MASTER CHRONOMETER CHRONOGRAPH 42 MM “SILVER SNOOPY AWARD” 50TH ANNIVERSARY 310.32.42.50.02.001;http://forum.watch.ru//showthread.php?t=579215
241;Van Cleef Lady Arpels A Day in Paris;http://forum.watch.ru//showthread.php?t=580867
242;Vacheron Constantin Overseas Dual Time Automatic Steel Blue;http://forum.watch.ru//showthread.php?t=580822
243;Audemars Piguet - Royal Oak - 15500ST.OO.1220ST.03 - 41 мм;http://forum.watch.ru//showthread.php?t=580712
244;ИНВЕСТИЦИЯ !!! Rolex Cosmograph Daytona 40mm Steel 116520 Black обмен/продажа;http://forum.watch.ru//showthread.php?t=571666
245;watchman13;http://forum.watch.ru//member.php?t=573564
246;Audemars Piguet Offshore Pride of Russia 26061BC.OO.D001CR.01 42 мм;http://forum.watch.ru//showthread.php?t=580467
247;БУТИК!!! OMEGA Speedmaster MOONWATCH PROFESSIONAL CO‑AXIAL MASTER CHRONOMETER CHRONOGRAPH 42 MM 310.63.42.50.02.001 золото Canopus Gold™ / Кожаный ремешок;http://forum.watch.ru//showthread.php?t=580429
248;БУТИК!!! OMEGA Speedmaster MOONWATCH PROFESSIONAL CO‑AXIAL MASTER CHRONOMETER CHRONOGRAPH 42 MM 310.63.42.50.01.001 Золото Sedna™ / Кожаный ремешок;http://forum.watch.ru//showthread.php?t=580427
249;ТОП !!! Audemars Piguet Royal Oak Offshore Chronograph 42mm 25940SK.OO.D002CA.03 обмен/продажа;http://forum.watch.ru//showthread.php?t=576954
250;Rolex Daytona Cosmograph Gold Steel White Dial New 2021;http://forum.watch.ru//showthread.php?t=580332
251;НОВЫЙ  ROLEX  DAY-DATE  40mm YELLOW GOLD 228238;http://forum.watch.ru//showthread.php?t=580331
252;ROLEX DAYTONA 116505, РОЗОВОЕ ЗОЛОТО, БРАСЛЕТ, ЧЕРНЫЙ ЦИФЕРБЛАТ, НОВЫЕ, В ПЛЕНКАХ!!!;http://forum.watch.ru//showthread.php?t=572211
253;Rolex Daytona 116500LN Black dial NEW 2021;http://forum.watch.ru//showthread.php?t=580360
254;ТОП !!! Audemars Piguet Royal Oak Offshore Chronograph Rose Gold 44mm 26401RO.OO.A002CA.02 обмен/продажа;http://forum.watch.ru//showthread.php?t=581416
255;Vacheron Constantin Malte Manual Chronograph Mens Watch;http://forum.watch.ru//showthread.php?t=581388
256;Сыромятников Александр;http://forum.watch.ru//member.php?t=571464
257;Сыромятников Александр;http://forum.watch.ru//member.php?t=571567
258;pachan;http://forum.watch.ru//member.php?t=572231
259;Сыромятников Александр;http://forum.watch.ru//member.php?t=573932
260;Сыромятников Александр;http://forum.watch.ru//member.php?t=575460
261;Сыромятников Александр;http://forum.watch.ru//member.php?t=575563
262;Сыромятников Александр;http://forum.watch.ru//member.php?t=575624
263;Сыромятников Александр;http://forum.watch.ru//member.php?t=575628
264;pachan;http://forum.watch.ru//member.php?t=572232
265;Сыромятников Александр;http://forum.watch.ru//member.php?t=576937
266;Сыромятников Александр;http://forum.watch.ru//member.php?t=577301
267;Сыромятников Александр;http://forum.watch.ru//member.php?t=577367
268;Сыромятников Александр;http://forum.watch.ru//member.php?t=577848
269;"САМЫЙ РЕДКИЙ ROLEX С ДАТОй! GMT-MASTER II 126710BLRO ""PEPSI""";http://forum.watch.ru//showthread.php?t=581322
270;Audemars Piguet Royal Oak Offshore Chronograph 43 mm 26420IO.OO.A009CA.01;http://forum.watch.ru//showthread.php?t=579197
271;Audemars Piguet Royal Oak Offshore Chronograph 43 mm 26420TI.OO.A027CA.01;http://forum.watch.ru//showthread.php?t=579193
272;Richard Mille RM 007 AG PG;http://forum.watch.ru//showthread.php?t=578486
273;TOURBILLON Stan;http://forum.watch.ru//member.php?t=574818
274;TOURBILLON Stan;http://forum.watch.ru//member.php?t=575351
275;Hublot King Power Gold;http://forum.watch.ru//showthread.php?t=572816
276;НОВИНКА 2021 год !!! Audemars Piguet Royal Oak Offshore 43mm 26420SO.OO.A002CA.01 обмен/продажа;http://forum.watch.ru//showthread.php?t=581113
277;ZEBRA *ROLEX* DATEJUST 36 WHITE GOLD 116199 SANR;http://forum.watch.ru//showthread.php?t=579262
278;TOURBILLON Stan;http://forum.watch.ru//member.php?t=575621
279;TOURBILLON Stan;http://forum.watch.ru//member.php?t=577885
280;Сыромятников Александр;http://forum.watch.ru//member.php?t=581022
281;Vacheron Constantin Malte Perpetual Calendar Chronograph;http://forum.watch.ru//showthread.php?t=577561
282;УНИКАЛЬНЫЕ *OMEGA* SPEEDMASTER ANNIVERSARY SERIES CO‑AXIAL MASTER CHRONOMETER CHRONOGRAPH 42 MM “SILVER SNOOPY AWARD” 50TH ANNIVERSARY 310.32.42.50.02.001;http://forum.watch.ru//showthread.php?t=579215
283;Van Cleef Lady Arpels A Day in Paris;http://forum.watch.ru//showthread.php?t=580867
284;Vacheron Constantin Overseas Dual Time Automatic Steel Blue;http://forum.watch.ru//showthread.php?t=580822
285;Audemars Piguet - Royal Oak - 15500ST.OO.1220ST.03 - 41 мм;http://forum.watch.ru//showthread.php?t=580712
286;ИНВЕСТИЦИЯ !!! Rolex Cosmograph Daytona 40mm Steel 116520 Black обмен/продажа;http://forum.watch.ru//showthread.php?t=571666
287;watchman13;http://forum.watch.ru//member.php?t=573564
288;Audemars Piguet Offshore Pride of Russia 26061BC.OO.D001CR.01 42 мм;http://forum.watch.ru//showthread.php?t=580467
289;БУТИК!!! OMEGA Speedmaster MOONWATCH PROFESSIONAL CO‑AXIAL MASTER CHRONOMETER CHRONOGRAPH 42 MM 310.63.42.50.02.001 золото Canopus Gold™ / Кожаный ремешок;http://forum.watch.ru//showthread.php?t=580429
290;БУТИК!!! OMEGA Speedmaster MOONWATCH PROFESSIONAL CO‑AXIAL MASTER CHRONOMETER CHRONOGRAPH 42 MM 310.63.42.50.01.001 Золото Sedna™ / Кожаный ремешок;http://forum.watch.ru//showthread.php?t=580427
291;ТОП !!! Audemars Piguet Royal Oak Offshore Chronograph 42mm 25940SK.OO.D002CA.03 обмен/продажа;http://forum.watch.ru//showthread.php?t=576954
292;Rolex Daytona Cosmograph Gold Steel White Dial New 2021;http://forum.watch.ru//showthread.php?t=580332
293;НОВЫЙ  ROLEX  DAY-DATE  40mm YELLOW GOLD 228238;http://forum.watch.ru//showthread.php?t=580331
294;ROLEX DAYTONA 116505, РОЗОВОЕ ЗОЛОТО, БРАСЛЕТ, ЧЕРНЫЙ ЦИФЕРБЛАТ, НОВЫЕ, В ПЛЕНКАХ!!!;http://forum.watch.ru//showthread.php?t=572211
295;Rolex Daytona 116500LN Black dial NEW 2021;http://forum.watch.ru//showthread.php?t=580360
296;ТОП !!! Audemars Piguet Royal Oak Offshore Chronograph Rose Gold 44mm 26401RO.OO.A002CA.02 обмен/продажа;http://forum.watch.ru//showthread.php?t=581416
297;Vacheron Constantin Malte Manual Chronograph Mens Watch;http://forum.watch.ru//showthread.php?t=581388
298;Сыромятников Александр;http://forum.watch.ru//member.php?t=571464
299;Сыромятников Александр;http://forum.watch.ru//member.php?t=571567
300;pachan;http://forum.watch.ru//member.php?t=572231
301;Сыромятников Александр;http://forum.watch.ru//member.php?t=573932
302;Сыромятников Александр;http://forum.watch.ru//member.php?t=575460
303;Сыромятников Александр;http://forum.watch.ru//member.php?t=575563
304;Сыромятников Александр;http://forum.watch.ru//member.php?t=575624
305;Сыромятников Александр;http://forum.watch.ru//member.php?t=575628
306;pachan;http://forum.watch.ru//member.php?t=572232
307;Сыромятников Александр;http://forum.watch.ru//member.php?t=576937
308;Сыромятников Александр;http://forum.watch.ru//member.php?t=577301
309;Сыромятников Александр;http://forum.watch.ru//member.php?t=577367
310;Сыромятников Александр;http://forum.watch.ru//member.php?t=577848
311;"САМЫЙ РЕДКИЙ ROLEX С ДАТОй! GMT-MASTER II 126710BLRO ""PEPSI""";http://forum.watch.ru//showthread.php?t=581322
312;Audemars Piguet Royal Oak Offshore Chronograph 43 mm 26420IO.OO.A009CA.01;http://forum.watch.ru//showthread.php?t=579197
313;Audemars Piguet Royal Oak Offshore Chronograph 43 mm 26420TI.OO.A027CA.01;http://forum.watch.ru//showthread.php?t=579193
314;Richard Mille RM 007 AG PG;http://forum.watch.ru//showthread.php?t=578486
315;TOURBILLON Stan;http://forum.watch.ru//member.php?t=574818
316;TOURBILLON Stan;http://forum.watch.ru//member.php?t=575351
317;Hublot King Power Gold;http://forum.watch.ru//showthread.php?t=572816
318;НОВИНКА 2021 год !!! Audemars Piguet Royal Oak Offshore 43mm 26420SO.OO.A002CA.01 обмен/продажа;http://forum.watch.ru//showthread.php?t=581113
319;ZEBRA *ROLEX* DATEJUST 36 WHITE GOLD 116199 SANR;http://forum.watch.ru//showthread.php?t=579262
320;TOURBILLON Stan;http://forum.watch.ru//member.php?t=575621
321;TOURBILLON Stan;http://forum.watch.ru//member.php?t=577885
322;Сыромятников Александр;http://forum.watch.ru//member.php?t=581022
323;Vacheron Constantin Malte Perpetual Calendar Chronograph;http://forum.watch.ru//showthread.php?t=577561
324;УНИКАЛЬНЫЕ *OMEGA* SPEEDMASTER ANNIVERSARY SERIES CO‑AXIAL MASTER CHRONOMETER CHRONOGRAPH 42 MM “SILVER SNOOPY AWARD” 50TH ANNIVERSARY 310.32.42.50.02.001;http://forum.watch.ru//showthread.php?t=579215
325;Van Cleef Lady Arpels A Day in Paris;http://forum.watch.ru//showthread.php?t=580867
326;Vacheron Constantin Overseas Dual Time Automatic Steel Blue;http://forum.watch.ru//showthread.php?t=580822
327;Audemars Piguet - Royal Oak - 15500ST.OO.1220ST.03 - 41 мм;http://forum.watch.ru//showthread.php?t=580712
328;ИНВЕСТИЦИЯ !!! Rolex Cosmograph Daytona 40mm Steel 116520 Black обмен/продажа;http://forum.watch.ru//showthread.php?t=571666
329;watchman13;http://forum.watch.ru//member.php?t=573564
330;Audemars Piguet Offshore Pride of Russia 26061BC.OO.D001CR.01 42 мм;http://forum.watch.ru//showthread.php?t=580467
331;БУТИК!!! OMEGA Speedmaster MOONWATCH PROFESSIONAL CO‑AXIAL MASTER CHRONOMETER CHRONOGRAPH 42 MM 310.63.42.50.02.001 золото Canopus Gold™ / Кожаный ремешок;http://forum.watch.ru//showthread.php?t=580429
332;БУТИК!!! OMEGA Speedmaster MOONWATCH PROFESSIONAL CO‑AXIAL MASTER CHRONOMETER CHRONOGRAPH 42 MM 310.63.42.50.01.001 Золото Sedna™ / Кожаный ремешок;http://forum.watch.ru//showthread.php?t=580427
333;ТОП !!! Audemars Piguet Royal Oak Offshore Chronograph 42mm 25940SK.OO.D002CA.03 обмен/продажа;http://forum.watch.ru//showthread.php?t=576954
334;Rolex Daytona Cosmograph Gold Steel White Dial New 2021;http://forum.watch.ru//showthread.php?t=580332
335;НОВЫЙ  ROLEX  DAY-DATE  40mm YELLOW GOLD 228238;http://forum.watch.ru//showthread.php?t=580331
336;ROLEX DAYTONA 116505, РОЗОВОЕ ЗОЛОТО, БРАСЛЕТ, ЧЕРНЫЙ ЦИФЕРБЛАТ, НОВЫЕ, В ПЛЕНКАХ!!!;http://forum.watch.ru//showthread.php?t=572211
337;Rolex Daytona 116500LN Black dial NEW 2021;http://forum.watch.ru//showthread.php?t=580360
338;ТОП !!! Audemars Piguet Royal Oak Offshore Chronograph Rose Gold 44mm 26401RO.OO.A002CA.02 обмен/продажа;http://forum.watch.ru//showthread.php?t=581416
339;Vacheron Constantin Malte Manual Chronograph Mens Watch;http://forum.watch.ru//showthread.php?t=581388
340;Сыромятников Александр;http://forum.watch.ru//member.php?t=571464
341;Сыромятников Александр;http://forum.watch.ru//member.php?t=571567
342;pachan;http://forum.watch.ru//member.php?t=572231
343;Сыромятников Александр;http://forum.watch.ru//member.php?t=573932
344;Сыромятников Александр;http://forum.watch.ru//member.php?t=575460
345;Сыромятников Александр;http://forum.watch.ru//member.php?t=575563
346;Сыромятников Александр;http://forum.watch.ru//member.php?t=575624
347;Сыромятников Александр;http://forum.watch.ru//member.php?t=575628
348;pachan;http://forum.watch.ru//member.php?t=572232
349;Сыромятников Александр;http://forum.watch.ru//member.php?t=576937
350;Сыромятников Александр;http://forum.watch.ru//member.php?t=577301
351;Сыромятников Александр;http://forum.watch.ru//member.php?t=577367
352;Сыромятников Александр;http://forum.watch.ru//member.php?t=577848
353;"САМЫЙ РЕДКИЙ ROLEX С ДАТОй! GMT-MASTER II 126710BLRO ""PEPSI""";http://forum.watch.ru//showthread.php?t=581322
354;Audemars Piguet Royal Oak Offshore Chronograph 43 mm 26420IO.OO.A009CA.01;http://forum.watch.ru//showthread.php?t=579197
355;Audemars Piguet Royal Oak Offshore Chronograph 43 mm 26420TI.OO.A027CA.01;http://forum.watch.ru//showthread.php?t=579193
356;Richard Mille RM 007 AG PG;http://forum.watch.ru//showthread.php?t=578486
357;TOURBILLON Stan;http://forum.watch.ru//member.php?t=574818
358;TOURBILLON Stan;http://forum.watch.ru//member.php?t=575351
359;Hublot King Power Gold;http://forum.watch.ru//showthread.php?t=572816
360;НОВИНКА 2021 год !!! Audemars Piguet Royal Oak Offshore 43mm 26420SO.OO.A002CA.01 обмен/продажа;http://forum.watch.ru//showthread.php?t=581113
361;ZEBRA *ROLEX* DATEJUST 36 WHITE GOLD 116199 SANR;http://forum.watch.ru//showthread.php?t=579262
362;TOURBILLON Stan;http://forum.watch.ru//member.php?t=575621
363;TOURBILLON Stan;http://forum.watch.ru//member.php?t=577885
364;Сыромятников Александр;http://forum.watch.ru//member.php?t=581022
365;Vacheron Constantin Malte Perpetual Calendar Chronograph;http://forum.watch.ru//showthread.php?t=577561
366;УНИКАЛЬНЫЕ *OMEGA* SPEEDMASTER ANNIVERSARY SERIES CO‑AXIAL MASTER CHRONOMETER CHRONOGRAPH 42 MM “SILVER SNOOPY AWARD” 50TH ANNIVERSARY 310.32.42.50.02.001;http://forum.watch.ru//showthread.php?t=579215
367;Van Cleef Lady Arpels A Day in Paris;http://forum.watch.ru//showthread.php?t=580867
368;Vacheron Constantin Overseas Dual Time Automatic Steel Blue;http://forum.watch.ru//showthread.php?t=580822
369;Audemars Piguet - Royal Oak - 15500ST.OO.1220ST.03 - 41 мм;http://forum.watch.ru//showthread.php?t=580712
370;ИНВЕСТИЦИЯ !!! Rolex Cosmograph Daytona 40mm Steel 116520 Black обмен/продажа;http://forum.watch.ru//showthread.php?t=571666
371;watchman13;http://forum.watch.ru//member.php?t=573564
372;Audemars Piguet Offshore Pride of Russia 26061BC.OO.D001CR.01 42 мм;http://forum.watch.ru//showthread.php?t=580467
373;БУТИК!!! OMEGA Speedmaster MOONWATCH PROFESSIONAL CO‑AXIAL MASTER CHRONOMETER CHRONOGRAPH 42 MM 310.63.42.50.02.001 золото Canopus Gold™ / Кожаный ремешок;http://forum.watch.ru//showthread.php?t=580429
374;БУТИК!!! OMEGA Speedmaster MOONWATCH PROFESSIONAL CO‑AXIAL MASTER CHRONOMETER CHRONOGRAPH 42 MM 310.63.42.50.01.001 Золото Sedna™ / Кожаный ремешок;http://forum.watch.ru//showthread.php?t=580427
375;ТОП !!! Audemars Piguet Royal Oak Offshore Chronograph 42mm 25940SK.OO.D002CA.03 обмен/продажа;http://forum.watch.ru//showthread.php?t=576954
376;Rolex Daytona Cosmograph Gold Steel White Dial New 2021;http://forum.watch.ru//showthread.php?t=580332
377;НОВЫЙ  ROLEX  DAY-DATE  40mm YELLOW GOLD 228238;http://forum.watch.ru//showthread.php?t=580331
378;ROLEX DAYTONA 116505, РОЗОВОЕ ЗОЛОТО, БРАСЛЕТ, ЧЕРНЫЙ ЦИФЕРБЛАТ, НОВЫЕ, В ПЛЕНКАХ!!!;http://forum.watch.ru//showthread.php?t=572211
379;Rolex Daytona 116500LN Black dial NEW 2021;http://forum.watch.ru//showthread.php?t=580360
380;ТОП !!! Audemars Piguet Royal Oak Offshore Chronograph Rose Gold 44mm 26401RO.OO.A002CA.02 обмен/продажа;http://forum.watch.ru//showthread.php?t=581416
381;Vacheron Constantin Malte Manual Chronograph Mens Watch;http://forum.watch.ru//showthread.php?t=581388
382;Сыромятников Александр;http://forum.watch.ru//member.php?t=571464
383;Сыромятников Александр;http://forum.watch.ru//member.php?t=571567
384;pachan;http://forum.watch.ru//member.php?t=572231
385;Сыромятников Александр;http://forum.watch.ru//member.php?t=573932
386;Сыромятников Александр;http://forum.watch.ru//member.php?t=575460
387;Сыромятников Александр;http://forum.watch.ru//member.php?t=575563
388;Сыромятников Александр;http://forum.watch.ru//member.php?t=575624
389;Сыромятников Александр;http://forum.watch.ru//member.php?t=575628
390;pachan;http://forum.watch.ru//member.php?t=572232
391;Сыромятников Александр;http://forum.watch.ru//member.php?t=576937
392;Сыромятников Александр;http://forum.watch.ru//member.php?t=577301
393;Сыромятников Александр;http://forum.watch.ru//member.php?t=577367
394;Сыромятников Александр;http://forum.watch.ru//member.php?t=577848
395;"САМЫЙ РЕДКИЙ ROLEX С ДАТОй! GMT-MASTER II 126710BLRO ""PEPSI""";http://forum.watch.ru//showthread.php?t=581322
396;Audemars Piguet Royal Oak Offshore Chronograph 43 mm 26420IO.OO.A009CA.01;http://forum.watch.ru//showthread.php?t=579197
397;Audemars Piguet Royal Oak Offshore Chronograph 43 mm 26420TI.OO.A027CA.01;http://forum.watch.ru//showthread.php?t=579193
398;Richard Mille RM 007 AG PG;http://forum.watch.ru//showthread.php?t=578486
399;TOURBILLON Stan;http://forum.watch.ru//member.php?t=574818
400;TOURBILLON Stan;http://forum.watch.ru//member.php?t=575351
401;Hublot King Power Gold;http://forum.watch.ru//showthread.php?t=572816
402;НОВИНКА 2021 год !!! Audemars Piguet Royal Oak Offshore 43mm 26420SO.OO.A002CA.01 обмен/продажа;http://forum.watch.ru//showthread.php?t=581113
403;ZEBRA *ROLEX* DATEJUST 36 WHITE GOLD 116199 SANR;http://forum.watch.ru//showthread.php?t=579262
404;TOURBILLON Stan;http://forum.watch.ru//member.php?t=575621
405;TOURBILLON Stan;http://forum.watch.ru//member.php?t=577885
406;Сыромятников Александр;http://forum.watch.ru//member.php?t=581022
407;Vacheron Constantin Malte Perpetual Calendar Chronograph;http://forum.watch.ru//showthread.php?t=577561
408;УНИКАЛЬНЫЕ *OMEGA* SPEEDMASTER ANNIVERSARY SERIES CO‑AXIAL MASTER CHRONOMETER CHRONOGRAPH 42 MM “SILVER SNOOPY AWARD” 50TH ANNIVERSARY 310.32.42.50.02.001;http://forum.watch.ru//showthread.php?t=579215
409;Van Cleef Lady Arpels A Day in Paris;http://forum.watch.ru//showthread.php?t=580867
410;Vacheron Constantin Overseas Dual Time Automatic Steel Blue;http://forum.watch.ru//showthread.php?t=580822
411;Audemars Piguet - Royal Oak - 15500ST.OO.1220ST.03 - 41 мм;http://forum.watch.ru//showthread.php?t=580712
412;ИНВЕСТИЦИЯ !!! Rolex Cosmograph Daytona 40mm Steel 116520 Black обмен/продажа;http://forum.watch.ru//showthread.php?t=571666
413;watchman13;http://forum.watch.ru//member.php?t=573564
414;Audemars Piguet Offshore Pride of Russia 26061BC.OO.D001CR.01 42 мм;http://forum.watch.ru//showthread.php?t=580467
415;БУТИК!!! OMEGA Speedmaster MOONWATCH PROFESSIONAL CO‑AXIAL MASTER CHRONOMETER CHRONOGRAPH 42 MM 310.63.42.50.02.001 золото Canopus Gold™ / Кожаный ремешок;http://forum.watch.ru//showthread.php?t=580429
416;БУТИК!!! OMEGA Speedmaster MOONWATCH PROFESSIONAL CO‑AXIAL MASTER CHRONOMETER CHRONOGRAPH 42 MM 310.63.42.50.01.001 Золото Sedna™ / Кожаный ремешок;http://forum.watch.ru//showthread.php?t=580427
417;ТОП !!! Audemars Piguet Royal Oak Offshore Chronograph 42mm 25940SK.OO.D002CA.03 обмен/продажа;http://forum.watch.ru//showthread.php?t=576954
418;Rolex Daytona Cosmograph Gold Steel White Dial New 2021;http://forum.watch.ru//showthread.php?t=580332
419;НОВЫЙ  ROLEX  DAY-DATE  40mm YELLOW GOLD 228238;http://forum.watch.ru//showthread.php?t=580331
420;ROLEX DAYTONA 116505, РОЗОВОЕ ЗОЛОТО, БРАСЛЕТ, ЧЕРНЫЙ ЦИФЕРБЛАТ, НОВЫЕ, В ПЛЕНКАХ!!!;http://forum.watch.ru//showthread.php?t=572211
421;Rolex Daytona 116500LN Black dial NEW 2021;http://forum.watch.ru//showthread.php?t=580360
422;ТОП !!! Audemars Piguet Royal Oak Offshore Chronograph Rose Gold 44mm 26401RO.OO.A002CA.02 обмен/продажа;http://forum.watch.ru//showthread.php?t=581416
423;Vacheron Constantin Malte Manual Chronograph Mens Watch;http://forum.watch.ru//showthread.php?t=581388
424;Сыромятников Александр;http://forum.watch.ru//member.php?t=571464
425;Сыромятников Александр;http://forum.watch.ru//member.php?t=571567
426;pachan;http://forum.watch.ru//member.php?t=572231
427;Сыромятников Александр;http://forum.watch.ru//member.php?t=573932
428;Сыромятников Александр;http://forum.watch.ru//member.php?t=575460
429;Сыромятников Александр;http://forum.watch.ru//member.php?t=575563
430;Сыромятников Александр;http://forum.watch.ru//member.php?t=575624
431;Сыромятников Александр;http://forum.watch.ru//member.php?t=575628
432;pachan;http://forum.watch.ru//member.php?t=572232
433;Сыромятников Александр;http://forum.watch.ru//member.php?t=576937
434;Сыромятников Александр;http://forum.watch.ru//member.php?t=577301
435;Сыромятников Александр;http://forum.watch.ru//member.php?t=577367
436;Сыромятников Александр;http://forum.watch.ru//member.php?t=577848
437;"САМЫЙ РЕДКИЙ ROLEX С ДАТОй! GMT-MASTER II 126710BLRO ""PEPSI""";http://forum.watch.ru//showthread.php?t=581322
438;Audemars Piguet Royal Oak Offshore Chronograph 43 mm 26420IO.OO.A009CA.01;http://forum.watch.ru//showthread.php?t=579197
439;Audemars Piguet Royal Oak Offshore Chronograph 43 mm 26420TI.OO.A027CA.01;http://forum.watch.ru//showthread.php?t=579193
440;Richard Mille RM 007 AG PG;http://forum.watch.ru//showthread.php?t=578486
441;TOURBILLON Stan;http://forum.watch.ru//member.php?t=574818
442;TOURBILLON Stan;http://forum.watch.ru//member.php?t=575351
443;Hublot King Power Gold;http://forum.watch.ru//showthread.php?t=572816
444;НОВИНКА 2021 год !!! Audemars Piguet Royal Oak Offshore 43mm 26420SO.OO.A002CA.01 обмен/продажа;http://forum.watch.ru//showthread.php?t=581113
445;ZEBRA *ROLEX* DATEJUST 36 WHITE GOLD 116199 SANR;http://forum.watch.ru//showthread.php?t=579262
446;TOURBILLON Stan;http://forum.watch.ru//member.php?t=575621
447;TOURBILLON Stan;http://forum.watch.ru//member.php?t=577885
448;Сыромятников Александр;http://forum.watch.ru//member.php?t=581022
449;Vacheron Constantin Malte Perpetual Calendar Chronograph;http://forum.watch.ru//showthread.php?t=577561
450;УНИКАЛЬНЫЕ *OMEGA* SPEEDMASTER ANNIVERSARY SERIES CO‑AXIAL MASTER CHRONOMETER CHRONOGRAPH 42 MM “SILVER SNOOPY AWARD” 50TH ANNIVERSARY 310.32.42.50.02.001;http://forum.watch.ru//showthread.php?t=579215
451;Van Cleef Lady Arpels A Day in Paris;http://forum.watch.ru//showthread.php?t=580867
452;Vacheron Constantin Overseas Dual Time Automatic Steel Blue;http://forum.watch.ru//showthread.php?t=580822
453;Audemars Piguet - Royal Oak - 15500ST.OO.1220ST.03 - 41 мм;http://forum.watch.ru//showthread.php?t=580712
454;ИНВЕСТИЦИЯ !!! Rolex Cosmograph Daytona 40mm Steel 116520 Black обмен/продажа;http://forum.watch.ru//showthread.php?t=571666
455;watchman13;http://forum.watch.ru//member.php?t=573564
456;Audemars Piguet Offshore Pride of Russia 26061BC.OO.D001CR.01 42 мм;http://forum.watch.ru//showthread.php?t=580467
457;БУТИК!!! OMEGA Speedmaster MOONWATCH PROFESSIONAL CO‑AXIAL MASTER CHRONOMETER CHRONOGRAPH 42 MM 310.63.42.50.02.001 золото Canopus Gold™ / Кожаный ремешок;http://forum.watch.ru//showthread.php?t=580429
458;БУТИК!!! OMEGA Speedmaster MOONWATCH PROFESSIONAL CO‑AXIAL MASTER CHRONOMETER CHRONOGRAPH 42 MM 310.63.42.50.01.001 Золото Sedna™ / Кожаный ремешок;http://forum.watch.ru//showthread.php?t=580427
459;ТОП !!! Audemars Piguet Royal Oak Offshore Chronograph 42mm 25940SK.OO.D002CA.03 обмен/продажа;http://forum.watch.ru//showthread.php?t=576954
460;Rolex Daytona Cosmograph Gold Steel White Dial New 2021;http://forum.watch.ru//showthread.php?t=580332
461;НОВЫЙ  ROLEX  DAY-DATE  40mm YELLOW GOLD 228238;http://forum.watch.ru//showthread.php?t=580331
462;ROLEX DAYTONA 116505, РОЗОВОЕ ЗОЛОТО, БРАСЛЕТ, ЧЕРНЫЙ ЦИФЕРБЛАТ, НОВЫЕ, В ПЛЕНКАХ!!!;http://forum.watch.ru//showthread.php?t=572211
463;Rolex Daytona 116500LN Black dial NEW 2021;http://forum.watch.ru//showthread.php?t=580360
464;ТОП !!! Audemars Piguet Royal Oak Offshore Chronograph Rose Gold 44mm 26401RO.OO.A002CA.02 обмен/продажа;http://forum.watch.ru//showthread.php?t=581416
465;Vacheron Constantin Malte Manual Chronograph Mens Watch;http://forum.watch.ru//showthread.php?t=581388
466;Сыромятников Александр;http://forum.watch.ru//member.php?t=571464
467;Сыромятников Александр;http://forum.watch.ru//member.php?t=571567
468;pachan;http://forum.watch.ru//member.php?t=572231
469;Сыромятников Александр;http://forum.watch.ru//member.php?t=573932
470;Сыромятников Александр;http://forum.watch.ru//member.php?t=575460
471;Сыромятников Александр;http://forum.watch.ru//member.php?t=575563
472;Сыромятников Александр;http://forum.watch.ru//member.php?t=575624
473;Сыромятников Александр;http://forum.watch.ru//member.php?t=575628
474;pachan;http://forum.watch.ru//member.php?t=572232
475;Сыромятников Александр;http://forum.watch.ru//member.php?t=576937
476;Сыромятников Александр;http://forum.watch.ru//member.php?t=577301
477;Сыромятников Александр;http://forum.watch.ru//member.php?t=577367
478;Сыромятников Александр;http://forum.watch.ru//member.php?t=577848
479;"САМЫЙ РЕДКИЙ ROLEX С ДАТОй! GMT-MASTER II 126710BLRO ""PEPSI""";http://forum.watch.ru//showthread.php?t=581322
480;Audemars Piguet Royal Oak Offshore Chronograph 43 mm 26420IO.OO.A009CA.01;http://forum.watch.ru//showthread.php?t=579197
481;Audemars Piguet Royal Oak Offshore Chronograph 43 mm 26420TI.OO.A027CA.01;http://forum.watch.ru//showthread.php?t=579193
482;Richard Mille RM 007 AG PG;http://forum.watch.ru//showthread.php?t=578486
483;TOURBILLON Stan;http://forum.watch.ru//member.php?t=574818
484;TOURBILLON Stan;http://forum.watch.ru//member.php?t=575351
485;Hublot King Power Gold;http://forum.watch.ru//showthread.php?t=572816
486;НОВИНКА 2021 год !!! Audemars Piguet Royal Oak Offshore 43mm 26420SO.OO.A002CA.01 обмен/продажа;http://forum.watch.ru//showthread.php?t=581113
487;ZEBRA *ROLEX* DATEJUST 36 WHITE GOLD 116199 SANR;http://forum.watch.ru//showthread.php?t=579262
488;TOURBILLON Stan;http://forum.watch.ru//member.php?t=575621
489;TOURBILLON Stan;http://forum.watch.ru//member.php?t=577885
490;Сыромятников Александр;http://forum.watch.ru//member.php?t=581022
491;Vacheron Constantin Malte Perpetual Calendar Chronograph;http://forum.watch.ru//showthread.php?t=577561
492;УНИКАЛЬНЫЕ *OMEGA* SPEEDMASTER ANNIVERSARY SERIES CO‑AXIAL MASTER CHRONOMETER CHRONOGRAPH 42 MM “SILVER SNOOPY AWARD” 50TH ANNIVERSARY 310.32.42.50.02.001;http://forum.watch.ru//showthread.php?t=579215
493;Van Cleef Lady Arpels A Day in Paris;http://forum.watch.ru//showthread.php?t=580867
494;Vacheron Constantin Overseas Dual Time Automatic Steel Blue;http://forum.watch.ru//showthread.php?t=580822
495;Audemars Piguet - Royal Oak - 15500ST.OO.1220ST.03 - 41 мм;http://forum.watch.ru//showthread.php?t=580712
496;ИНВЕСТИЦИЯ !!! Rolex Cosmograph Daytona 40mm Steel 116520 Black обмен/продажа;http://forum.watch.ru//showthread.php?t=571666
497;watchman13;http://forum.watch.ru//member.php?t=573564
498;Audemars Piguet Offshore Pride of Russia 26061BC.OO.D001CR.01 42 мм;http://forum.watch.ru//showthread.php?t=580467
499;БУТИК!!! OMEGA Speedmaster MOONWATCH PROFESSIONAL CO‑AXIAL MASTER CHRONOMETER CHRONOGRAPH 42 MM 310.63.42.50.02.001 золото Canopus Gold™ / Кожаный ремешок;http://forum.watch.ru//showthread.php?t=580429
500;БУТИК!!! OMEGA Speedmaster MOONWATCH PROFESSIONAL CO‑AXIAL MASTER CHRONOMETER CHRONOGRAPH 42 MM 310.63.42.50.01.001 Золото Sedna™ / Кожаный ремешок;http://forum.watch.ru//showthread.php?t=580427
501;ТОП !!! Audemars Piguet Royal Oak Offshore Chronograph 42mm 25940SK.OO.D002CA.03 обмен/продажа;http://forum.watch.ru//showthread.php?t=576954
502;Rolex Daytona Cosmograph Gold Steel White Dial New 2021;http://forum.watch.ru//showthread.php?t=580332
503;НОВЫЙ  ROLEX  DAY-DATE  40mm YELLOW GOLD 228238;http://forum.watch.ru//showthread.php?t=580331
